[
    {
      "navn": "​Maja ",
      "etternavn": "Kvalvik",
      "telNummer": "41758580",
      "epostAdresse": "majkva10@vgs.no",
      "bilde": "./blider/Maja.png",
      "kjonn": "female"
    },
    {
      "navn": "Eline",
      "etternavn": "Maria ",
      "telNummer": "40532336",
      "epostAdresse": "eiell03@vgs.no",
      "bilde": "./blider/Eline.png",
      "kjonn": "female"
    },
    {
        "navn": "Angelina",
        "etternavn": " Sharukina ",
        "telNummer": "97302910",
        "epostAdresse": "angsh14@vgs.no",
        "bilde": "bilde1.jpg",
        "kjonn": "female"
      },
      {
        "navn": "Rahma",
        "etternavn": " Hussen ",
        "telNummer": "46126346",
        "epostAdresse": "rahhus07@vgs.no",
        "bilde": "bilde1.jpg",
        "kjonn": "female"
      },
      {
        "navn": "Kristan",
        "etternavn": " Dankler",
        "telNummer": "40539936",
        "epostAdresse": "kraak08@vgs.no",
        "bilde": "bilde2.jpg",
        "kjonn": "male"
      },
      {
        "navn": "Espen ",
        "etternavn": "Elstad",
        "telNummer": "41758580",
        "epostAdresse": "esphal29@vgs.no",
        "bilde": "bilde1.jpg",
        "kjonn": "male"
      },
      {
        "navn": "Håvard",
        "etternavn": "Mathisen ",
        "telNummer": "23456789",
        "epostAdresse": "havmat07@vgs.no",
        "bilde": "bilde2.jpg",
        "kjonn": "male"
      },
      {
        "navn": "Andreas ",
        "etternavn": "Bjørnå",
        "telNummer": "41758580",
        "epostAdresse": "andbjo28@vgs.no",
        "bilde": "bilde1.jpg",
        "kjonn": "male"
      },
      {
        "navn": "Oliver",
        "etternavn": "Pettersen ",
        "telNummer": "23456789",
        "epostAdresse": "olipet11@vgs.no",
        "bilde": "bilde2.jpg",
        "kjonn": "male"
      },
      {
        "navn": "Mohammed ",
        "etternavn": "Amayri",
        "telNummer": "41758580",
        "epostAdresse": "mohama13@vgs.no",
        "bilde": "bilde1.jpg",
        "kjonn": "male"
      },
      {
        "navn": "Amira",
        "etternavn": "Sochachka",
        "telNummer": "23456789",
        "epostAdresse": "niksoc@vgs.no",
        "bilde": "bilde2.jpg",
        "kjonn": "female"
      },
      {
        "navn": "Tobias ",
        "etternavn": "Mathisen",
        "telNummer": "41758580",
        "epostAdresse": "tobmat26@vgs.no",
        "bilde": "bilde1.jpg",
        "kjonn": "male"
      },
      {
        "navn": "Per-Arve",
        "etternavn": "Sortland",
        "telNummer": "23456789",
        "epostAdresse": "epersor07@vgs.no",
        "bilde": "bilde2.jpg",
        "kjonn": "male"
      }
  ]
  